-- ============================================================
-- Gestión de Flota — Oracle DDL
-- Script 03: Datos de ejemplo para demo
-- ============================================================

-- Empresa demo
INSERT INTO EMPRESAS (ID, NOMBRE, RUT, GIRO, CIUDAD, PLAN)
VALUES ('EMP-001', 'Transportes Sur Ltda.', '76.123.456-7', 'Transporte de carga', 'Santiago', 'PREMIUM');

-- Usuarios (AZURE_OID se asigna al registrar en Azure B2C)
INSERT INTO USUARIOS_SISTEMA (ID, EMPRESA_ID, NOMBRE, EMAIL, ROL)
VALUES ('USR-001', 'EMP-001', 'Administrador Demo', 'admin@transportessur.cl', 'ADMIN');

INSERT INTO USUARIOS_SISTEMA (ID, EMPRESA_ID, NOMBRE, EMAIL, ROL)
VALUES ('USR-002', 'EMP-001', 'Juan Paredes', 'jparedes@transportessur.cl', 'JEFE_TALLER');

INSERT INTO USUARIOS_SISTEMA (ID, EMPRESA_ID, NOMBRE, EMAIL, ROL)
VALUES ('USR-003', 'EMP-001', 'Carlos Muñoz', 'cond01@transportessur.cl', 'CONDUCTOR');

-- Clientes
INSERT INTO CLIENTES (ID, EMPRESA_ID, RUT, RAZON_SOCIAL, GIRO, CIUDAD, EMAIL)
VALUES ('CLI-001', 'EMP-001', '77.888.999-0', 'Minera Andina S.A.', 'Minería', 'Santiago', 'contacto@mineraandina.cl');

INSERT INTO CLIENTES (ID, EMPRESA_ID, RUT, RAZON_SOCIAL, GIRO, CIUDAD, EMAIL)
VALUES ('CLI-002', 'EMP-001', '76.543.210-1', 'Retail Express Ltda.', 'Retail', 'Valparaíso', 'ops@retailexpress.cl');

-- Vehículos
INSERT INTO VEHICULOS (ID, EMPRESA_ID, PATENTE, MARCA, MODELO, ANIO, TIPO, ESTADO, KM_ACTUALES, KM_PROXIMO_SERVICIO, VENCIMIENTO_REVISION, VENCIMIENTO_PERMISO, QR_CODE)
VALUES ('VEH-001', 'EMP-001', 'BGJK-91', 'Mercedes', 'Actros 2648', 2021, 'CAMION', 'OPERATIVO', 124350, 130000, DATE '2026-11-30', DATE '2026-08-15', 'QR-BGJK91');

INSERT INTO VEHICULOS (ID, EMPRESA_ID, PATENTE, MARCA, MODELO, ANIO, TIPO, ESTADO, KM_ACTUALES, KM_PROXIMO_SERVICIO, VENCIMIENTO_REVISION, VENCIMIENTO_PERMISO, QR_CODE)
VALUES ('VEH-002', 'EMP-001', 'CFLM-34', 'Volvo', 'FH16 750', 2022, 'CAMION', 'OPERATIVO', 89200, 95000, DATE '2027-03-20', DATE '2026-09-01', 'QR-CFLM34');

INSERT INTO VEHICULOS (ID, EMPRESA_ID, PATENTE, MARCA, MODELO, ANIO, TIPO, ESTADO, KM_ACTUALES, KM_PROXIMO_SERVICIO, VENCIMIENTO_REVISION, VENCIMIENTO_PERMISO, QR_CODE)
VALUES ('VEH-003', 'EMP-001', 'DKNP-57', 'Scania', 'R500 XT', 2020, 'CAMION', 'EN_TALLER', 210890, 215000, DATE '2026-07-14', DATE '2026-06-30', 'QR-DKNP57');

-- Conductores
INSERT INTO CONDUCTORES (ID, EMPRESA_ID, USUARIO_ID, NOMBRE, RUT, TELEFONO, CATEGORIA_LICENCIA, VENCIMIENTO_LICENCIA, ESTADO, SCORE_CONDUCCION, KM_MES)
VALUES ('COND-001', 'EMP-001', 'USR-003', 'Carlos Muñoz Reyes', '12.345.678-9', '+56912345678', 'A3', DATE '2027-06-30', 'ACTIVO', 92, 8420);

INSERT INTO CONDUCTORES (ID, EMPRESA_ID, NOMBRE, RUT, TELEFONO, CATEGORIA_LICENCIA, VENCIMIENTO_LICENCIA, ESTADO, SCORE_CONDUCCION, KM_MES)
VALUES ('COND-002', 'EMP-001', 'Rodrigo Pizarro Silva', '14.567.890-1', '+56923456789', 'A3', DATE '2026-08-15', 'ACTIVO', 78, 7810);

-- Asignaciones
INSERT INTO ASIGNACIONES (ID, EMPRESA_ID, VEHICULO_ID, CONDUCTOR_ID, ACTIVA)
VALUES ('ASIG-001', 'EMP-001', 'VEH-001', 'COND-001', 1);

INSERT INTO ASIGNACIONES (ID, EMPRESA_ID, VEHICULO_ID, CONDUCTOR_ID, ACTIVA)
VALUES ('ASIG-002', 'EMP-001', 'VEH-002', 'COND-002', 1);

-- GPS tracks iniciales
INSERT INTO GPS_TRACKS (EMPRESA_ID, VEHICULO_ID, CONDUCTOR_ID, LATITUD, LONGITUD, VELOCIDAD, RUMBO, ESTADO_MOTOR, ODOMETRO)
VALUES ('EMP-001', 'VEH-001', 'COND-001', -33.4372, -70.6506, 72, 135, 'ENCENDIDO', 124350);

INSERT INTO GPS_TRACKS (EMPRESA_ID, VEHICULO_ID, CONDUCTOR_ID, LATITUD, LONGITUD, VELOCIDAD, RUMBO, ESTADO_MOTOR, ODOMETRO)
VALUES ('EMP-001', 'VEH-002', 'COND-002', -33.5100, -70.6200, 0, 0, 'APAGADO', 89200);

INSERT INTO GPS_TRACKS (EMPRESA_ID, VEHICULO_ID, LATITUD, LONGITUD, VELOCIDAD, RUMBO, ESTADO_MOTOR, ODOMETRO)
VALUES ('EMP-001', 'VEH-003', -33.4800, -70.6800, 0, 0, 'APAGADO', 210890);

-- Repuestos
INSERT INTO REPUESTOS (ID, EMPRESA_ID, CODIGO, DESCRIPCION, CATEGORIA, STOCK_ACTUAL, STOCK_MINIMO, PRECIO_UNITARIO, PROVEEDOR)
VALUES ('REP-001', 'EMP-001', 'FLT-001', 'Filtro de aceite Mercedes OM471', 'Filtros', 8, 4, 38500, 'AUTOZONE');

INSERT INTO REPUESTOS (ID, EMPRESA_ID, CODIGO, DESCRIPCION, CATEGORIA, STOCK_ACTUAL, STOCK_MINIMO, PRECIO_UNITARIO, PROVEEDOR)
VALUES ('REP-002', 'EMP-001', 'FRE-001', 'Pastillas de freno eje delantero', 'Frenos', 0, 2, 128000, 'BOSCH');

INSERT INTO REPUESTOS (ID, EMPRESA_ID, CODIGO, DESCRIPCION, CATEGORIA, STOCK_ACTUAL, STOCK_MINIMO, PRECIO_UNITARIO, PROVEEDOR)
VALUES ('REP-003', 'EMP-001', 'NEU-001', 'Neumático 315/80 R22.5 Bridgestone', 'Neumáticos', 4, 4, 480000, 'BRIDGESTONE');

-- Órdenes de trabajo
INSERT INTO ORDENES_TRABAJO (ID, EMPRESA_ID, NUMERO, VEHICULO_ID, TIPO, ESTADO, DESCRIPCION, MECANICO_RESPONSABLE, AVANCE, COSTO_MANO_OBRA)
VALUES ('OT-001', 'EMP-001', 'OT-2026-001', 'VEH-003', 'CORRECTIVA', 'EN_EJECUCION', 'Falla en sistema de frenos — cambio pastillas traseras', 'Juan Paredes', 65, 180000);

INSERT INTO ORDENES_TRABAJO (ID, EMPRESA_ID, NUMERO, VEHICULO_ID, TIPO, ESTADO, DESCRIPCION, MECANICO_RESPONSABLE, AVANCE, COSTO_MANO_OBRA, COSTO_REPUESTOS, FECHA_CIERRE_REAL)
VALUES ('OT-002', 'EMP-001', 'OT-2026-002', 'VEH-001', 'PREVENTIVA', 'CERRADA', 'Cambio aceite motor 120.000 km', 'Juan Paredes', 100, 90000, 95000, DATE '2026-05-02');

-- Cargas combustible
INSERT INTO CARGAS_COMBUSTIBLE (EMPRESA_ID, VEHICULO_ID, CONDUCTOR_ID, NUM_DOCUMENTO, PROVEEDOR, FECHA_CARGA, LITROS, PRECIO_LITRO, COSTO_TOTAL, KM_VEHICULO)
VALUES ('EMP-001', 'VEH-001', 'COND-001', 'DOC-0001', 'COPEC', DATE '2026-05-10', 320, 1148, 367360, 124350);

INSERT INTO CARGAS_COMBUSTIBLE (EMPRESA_ID, VEHICULO_ID, CONDUCTOR_ID, NUM_DOCUMENTO, PROVEEDOR, FECHA_CARGA, LITROS, PRECIO_LITRO, COSTO_TOTAL, KM_VEHICULO)
VALUES ('EMP-001', 'VEH-002', 'COND-002', 'DOC-0002', 'SHELL', DATE '2026-05-09', 285, 1148, 327180, 89200);

-- Servicios
INSERT INTO SERVICIOS (ID, EMPRESA_ID, CLIENTE_ID, VEHICULO_ID, CONDUCTOR_ID, NUM_SERVICIO, ORIGEN, DESTINO, KMS_RECORRIDO, VALOR_NETO, IVA, VALOR_TOTAL, ESTADO, FACTURADO)
VALUES ('SRV-001', 'EMP-001', 'CLI-001', 'VEH-001', 'COND-001', 'SRV-2026-001', 'Santiago - Bodega Central', 'Calama - Planta Minera', 1650, 850000, 161500, 1011500, 'COMPLETADO', 1);

INSERT INTO SERVICIOS (ID, EMPRESA_ID, CLIENTE_ID, VEHICULO_ID, CONDUCTOR_ID, NUM_SERVICIO, ORIGEN, DESTINO, KMS_RECORRIDO, VALOR_NETO, IVA, VALOR_TOTAL, ESTADO, FACTURADO)
VALUES ('SRV-002', 'EMP-001', 'CLI-002', 'VEH-002', 'COND-002', 'SRV-2026-002', 'Santiago - Puerto', 'Valparaíso - CD Retail', 140, 280000, 53200, 333200, 'EN_CURSO', 0);

-- Alertas
INSERT INTO ALERTAS (EMPRESA_ID, VEHICULO_ID, TIPO, SEVERIDAD, MENSAJE)
VALUES ('EMP-001', 'VEH-003', 'MANTENCION', 'CRITICAL', 'DKNP-57 — permiso circulación vence en 6 semanas');

INSERT INTO ALERTAS (EMPRESA_ID, VEHICULO_ID, TIPO, SEVERIDAD, MENSAJE)
VALUES ('EMP-001', NULL, 'STOCK', 'CRITICAL', 'Sin stock: Pastillas de freno eje delantero — OT bloqueada');

COMMIT;
